claim_id,policy_id,date_of_loss,report_date,segment,product_line,incurred_amount,paid_amount,outstanding_amount,status,period_month,latitude,longitude
CLM-2024-00000,POL-3035,2024-05-25,2024-06-16,Casualty,QuotaShare,-5000.0,118307.39,47471.90999999999,Open,5,3.145961470597649,105.75405396006597
CLM-2024-00001,POL-2358,2024-09-27,2024-12-14,,ExcessOfLoss,68705.08,14236.81,54468.270000000004,Open,9,39.217406818835116,-74.37106780753017
CLM-2024-00002,POL-1864,2024-05-30,2024-06-02,Aviation,QuotaShare,712878.34,235255.67,477622.6699999999,Open,5,33.74396918444014,-63.31310495532928
CLM-2024-00003,POL-1347,2024-03-31,2024-05-05,Life,QuotaShare,19819.19,9191.44,10627.749999999998,Open,3,31.52182215039774,-66.16242988306338
CLM-2024-00004,POL-4723,2024-02-23,2024-04-27,Aviation,QuotaShare,105862.83,78416.68,27446.15000000001,Open,2,49.993352884536336,1.563531217207395
CLM-2024-00005,POL-4258,2024-12-22,2025-02-10,Marine,ExcessOfLoss,8997.17,7862.84,1134.33,Open,12,53.3145498263586,1.752875399562803
CLM-2024-00006,POL-3333,2024-09-27,2024-10-21,Casualty,StopLoss,1977.77,641.42,1336.35,Open,9,0.8812944911180449,103.2279983393151
CLM-2024-00007,POL-4833,2024-10-21,2024-12-22,Property,StopLoss,4458903.65,89851.14,4369052.510000001,Open,10,2.8620801114830607,102.11529015849646
CLM-2024-00008,POL-3664,2024-06-09,2024-08-08,Property,QuotaShare,61017.67,43865.73,17151.939999999995,Open,6,40.155474527096075,-74.57200084261545
CLM-2024-00009,POL-9667,2024-11-09,2024-12-05,Aviation,ExcessOfLoss,38547.18,6251.94,32295.24,Open,11,49.91304373363221,2.7338903757698274
CLM-2024-00010,POL-2772,2024-02-29,2024-05-29,Life,ExcessOfLoss,404039.77,2096.99,401942.78,Open,2,50.84266909677248,2.5910325929151745
CLM-2024-00011,POL-3047,2024-04-13,2024-07-10,Property,QuotaShare,184271.97,127721.52,56550.45,Open,4,41.38964616923104,-75.33305949703424
CLM-2024-00012,POL-3287,2024-07-20,2024-09-20,Casualty,StopLoss,489.19,363.62,125.57,Open,7,35.65958527216743,140.27157908747367
CLM-2024-00013,POL-9140,2024-02-15,2024-04-22,Aviation,StopLoss,1755.08,1053.72,701.3599999999999,Open,2,51.46173559358101,0.2275525024395432
CLM-2024-00014,POL-6116,2024-06-27,2024-08-23,Property,ExcessOfLoss,44825.34,29200.93,15624.409999999996,Open,6,32.3488834702827,-63.7241151621919
CLM-2024-00015,POL-2607,2024-05-16,2024-07-30,Life,QuotaShare,52910.12,32469.55,20440.570000000003,Open,5,40.97645581232213,-74.87971156058495
CLM-2024-00016,POL-5844,2024-07-17,2024-08-01,Marine,StopLoss,305539.02,78005.74,227533.28000000003,Open,7,34.705575151533075,138.11751440455183
CLM-2024-00017,POL-9988,2024-01-29,2024-03-17,Casualty,ExcessOfLoss,570.92,341.13,229.78999999999996,Open,1,33.79612016609262,-64.54111704047334
CLM-2024-00018,POL-6299,2024-05-02,2024-07-19,Life,StopLoss,236185.17,222961.29,13223.880000000005,Open,5,0.8135319713251072,105.5579308400045
CLM-2024-00019,POL-3990,2024-08-28,2024-10-30,Casualty,QuotaShare,1548.3,1241.63,306.66999999999985,Open,8,42.32882635195847,-73.74730234128975
CLM-2024-00020,POL-1049,2024-03-21,2024-06-12,Casualty,QuotaShare,49839.35,31580.36,18258.989999999998,Open,3,1.3774570464201603,105.80490038101219
CLM-2024-00021,POL-9697,2024-02-06,2024-03-15,Aviation,StopLoss,53370.84,457.23,52913.60999999999,Open,2,2.0060178263178416,104.84650308326144
CLM-2024-00022,POL-5239,2024-11-23,2025-02-10,Casualty,QuotaShare,5782.16,4481.23,1300.9300000000003,Open,11,37.44976553019328,139.30397511446495
CLM-2024-00023,POL-8964,2024-11-30,2025-01-07,Life,QuotaShare,659.25,382.51,276.74,Open,11,42.23611784102952,-73.28058261552542
CLM-2024-00024,POL-4910,2024-09-25,2024-11-13,Aviation,QuotaShare,23756.6,12359.32,11397.279999999999,Open,9,49.91153926239723,1.7674527064056855
CLM-2024-00025,POL-9474,2024-06-03,2024-08-23,Property,QuotaShare,940130.47,872639.0,67491.46999999997,Open,6,1.0314270745118024,103.08058978449905
CLM-2024-00026,POL-6727,2024-12-13,2025-03-06,Aviation,StopLoss,2100.69,1101.31,999.3800000000001,Open,12,41.777401729995766,-75.49898358981447
CLM-2024-00027,POL-4586,2024-08-16,2024-09-08,Aviation,ExcessOfLoss,774829.63,484412.02,290417.61,Open,8,41.35674997925497,-72.34214304646544
CLM-2024-00028,POL-2677,2024-05-04,2024-08-01,Marine,StopLoss,21117.58,11312.77,9804.810000000001,Open,5,34.36132520831708,138.55557205088067
CLM-2024-00029,POL-6082,2024-05-23,2024-05-26,Marine,StopLoss,1698.54,956.6,741.9399999999999,Open,5,1.9381053659338128,102.79297080314534
CLM-2024-00030,POL-3858,2024-01-02,2024-01-06,Aviation,QuotaShare,9744.04,5241.99,4502.050000000001,Open,1,53.2373233078276,0.12799380188983825
CLM-2024-00031,POL-1931,2024-08-02,2024-08-24,Aviation,StopLoss,131180.8,52278.37,78902.43,Open,8,31.38382093277806,-64.91890036766686
CLM-2024-00032,POL-2994,2024-04-26,2024-05-29,Marine,QuotaShare,204902.12,161494.31,43407.81,Open,4,2.553887684876422,105.48932731659308
CLM-2024-00033,POL-9793,2024-11-07,2024-12-05,Marine,ExcessOfLoss,753.17,435.57,317.59999999999997,Open,11,30.789553029592888,-66.09223846226507
CLM-2024-00034,POL-8712,2024-04-23,2024-07-07,Marine,StopLoss,8555.13,6352.86,2202.2699999999995,Open,4,31.47403334571895,-66.7087600570861
CLM-2024-00035,POL-3594,2024-10-10,2025-01-07,Aviation,ExcessOfLoss,4402.88,492.63,3910.25,Open,10,34.0098600442207,137.84134516947222
CLM-2024-00036,POL-3574,2024-11-27,2024-12-25,Marine,QuotaShare,130667.56,71113.31,59554.25,Open,11,47.11572565747408,2.7217646263780324
CLM-2024-00037,POL-8904,2024-09-08,2024-10-18,Aviation,ExcessOfLoss,221076.96,141798.79,79278.16999999998,Open,9,48.16018036523026,0.7689060622077504
CLM-2024-00038,POL-2090,2024-07-22,2024-10-02,Property,QuotaShare,57305.39,44445.15,12860.239999999998,Open,7,33.68477248463405,139.77516368787664
CLM-2024-00039,POL-5137,2024-09-17,2024-10-21,Marine,QuotaShare,119635.33,48022.14,71613.19,Open,9,0.6905232949257014,104.39738022880094
CLM-2024-00040,POL-8795,2024-12-02,2024-12-17,Property,ExcessOfLoss,116724.41,51645.91,65078.5,Open,12,35.07300579938861,141.07455701427037
CLM-2024-00041,POL-7837,2024-09-22,2024-10-07,Marine,ExcessOfLoss,698.29,456.1,242.18999999999994,Open,9,41.221710204790945,-72.17116192486789
CLM-2024-00042,POL-1249,2024-06-19,2024-06-24,Casualty,StopLoss,74169.18,6122.63,68046.54999999999,Open,6,0.604327851005106,101.8735019136336
CLM-2024-00043,POL-2822,2024-08-30,2024-11-27,Property,StopLoss,6752.66,4221.25,2531.41,Open,8,48.29214031725763,4.3210899505053515
CLM-2024-00044,POL-7748,2024-03-15,2024-04-01,Marine,ExcessOfLoss,552514.02,487476.96,65037.06,Open,3,41.522173703361354,-75.89590409084826
CLM-2024-00045,POL-1982,2024-01-03,2024-01-13,Property,ExcessOfLoss,9498.78,2009.03,7489.750000000001,Open,1,31.046682528641504,-64.68037849483242
CLM-2024-00046,POL-5586,2024-06-11,2024-08-23,Property,QuotaShare,695.56,25.9,669.66,Open,6,53.122239224203504,1.7757566563150997
CLM-2024-00047,POL-9663,2024-02-07,2024-04-30,Property,QuotaShare,444882.34,311717.08,133165.26,Open,2,39.19067650394466,-73.51675985716508
CLM-2024-00048,POL-9229,2024-09-20,2024-12-01,Property,StopLoss,2051.77,902.89,1148.88,Open,9,32.37058688526371,-63.71662353150597
CLM-2024-00049,POL-6231,2024-09-21,2024-11-26,Property,StopLoss,3547.36,1268.69,2278.67,Open,9,36.02600457388085,139.15258324815895
CLM-2024-00050,POL-7200,2024-02-06,2024-02-09,Life,StopLoss,22482.27,20039.03,2443.2400000000016,Open,2,33.925940652042385,139.9507007549245
CLM-2024-00051,POL-7795,2024-04-21,2024-05-18,Property,QuotaShare,5359.75,1662.29,3697.46,Open,4,41.409028622480314,-74.54707598768385
CLM-2024-00052,POL-5511,2024-11-04,2024-11-08,Marine,StopLoss,92262.97,59600.84,32662.130000000005,Open,11,37.245799533000884,138.26333100648472
CLM-2024-00053,POL-7885,2024-12-13,2025-03-13,Aviation,ExcessOfLoss,38266.5,11078.33,27188.17,Open,12,52.56279752982183,0.6744291001748236
CLM-2024-00054,POL-8928,2024-04-02,2024-04-26,Property,QuotaShare,69585.16,65293.84,4291.320000000007,Open,4,31.939871096963174,-66.01968210527093
CLM-2024-00055,POL-1033,2024-03-07,2024-04-12,Marine,QuotaShare,30578.23,5764.38,24813.85,Open,3,30.634248894100203,-63.43446941226118
CLM-2024-00056,POL-5157,2024-05-28,2024-07-21,Life,QuotaShare,131981.33,46292.24,85689.09,Open,5,32.42487290779602,-63.012899556993105
CLM-2024-00057,POL-1332,2024-04-20,2024-06-21,Aviation,ExcessOfLoss,41842.61,33584.9,8257.71,Open,4,37.22200774998683,140.07802574567
CLM-2024-00058,POL-2179,2024-02-12,2024-04-01,Marine,StopLoss,100472.44,5966.28,94506.16,Open,2,35.113061343849,139.11042154197705
CLM-2024-00059,POL-2791,2024-12-27,2025-01-15,Property,StopLoss,8759.09,1300.82,7458.27,Open,12,33.83038498791304,140.30539356164684
CLM-2024-00060,POL-7474,2024-01-27,2024-02-20,Marine,StopLoss,138809.12,72284.18,66524.94,Open,1,33.09519547442051,-65.48927682166958
CLM-2024-00061,POL-6025,2024-08-20,2024-08-23,Property,StopLoss,3726.33,3357.43,368.9000000000001,Open,8,31.824624956744696,-64.49525651245895
CLM-2024-00062,POL-4959,2024-01-03,2024-02-21,Casualty,StopLoss,481276.78,205915.11,275361.67000000004,Open,1,53.32317503352276,1.3432536650082143
CLM-2024-00063,POL-3678,2024-10-06,2024-12-29,Life,QuotaShare,23640.68,18883.41,4757.27,Open,10,47.124457881758524,3.1918947219557916
CLM-2024-00064,POL-8933,2024-04-20,2024-06-18,Property,ExcessOfLoss,16253.63,14543.56,1710.0699999999997,Open,4,47.46837961353238,3.066466711892003
CLM-2024-00065,POL-9656,2024-07-06,2024-09-01,Aviation,QuotaShare,78510.45,73015.34,5495.110000000001,Open,7,31.28988894125571,-65.9733368698308
CLM-2024-00066,POL-3402,2024-07-25,2024-10-19,Aviation,StopLoss,39333.82,37882.3,1451.5199999999968,Open,7,34.297417175831775,-63.893886698903046
CLM-2024-00067,POL-8596,2024-10-15,2024-11-10,Property,ExcessOfLoss,14476.51,14125.9,350.6100000000006,Open,10,52.81126796772589,1.532377081484037
CLM-2024-00068,POL-5923,2024-06-18,2024-08-01,Marine,QuotaShare,91942.86,45952.52,45990.340000000004,Open,6,48.216213723724586,2.37885448022775
CLM-2024-00069,POL-4463,2024-09-11,2024-11-13,Life,StopLoss,13445.4,1941.1,11504.3,Open,9,49.067739968185904,1.5575108885621276
CLM-2024-00070,POL-2571,2024-06-12,2024-06-13,Property,QuotaShare,288803.89,199472.27,89331.62000000002,Open,6,38.82443342033724,-73.78846574387362
CLM-2024-00071,POL-6806,2024-07-10,2024-09-11,Property,ExcessOfLoss,178195.58,71893.2,106302.37999999999,Open,7,33.71275904789563,-66.5479149130413
CLM-2024-00072,POL-4359,2024-06-19,2024-09-13,Casualty,QuotaShare,620532.81,79582.97,540949.8400000001,Open,6,51.25710989656035,0.5174636516218426
CLM-2024-00073,POL-6816,2024-06-20,2024-07-05,Aviation,ExcessOfLoss,206860.85,54471.68,152389.17,Open,6,2.5047315420397065,104.78922023465906
CLM-2024-00074,POL-5807,2024-02-11,2024-02-12,Life,QuotaShare,9040.23,3269.11,5771.119999999999,Open,2,47.76877540549253,1.6888961728070315
CLM-2024-00075,POL-8735,2024-03-22,2024-05-26,Aviation,StopLoss,267809.74,179324.5,88485.23999999999,Open,3,53.05255792204225,-0.8894366023775805
CLM-2024-00076,POL-8540,2024-09-27,2024-10-22,Casualty,ExcessOfLoss,95461.43,44481.96,50979.469999999994,Open,9,46.96448933052722,3.3665103731874315
CLM-2024-00077,POL-5218,2024-11-20,2025-02-14,Life,ExcessOfLoss,16790.7,16499.51,291.1900000000023,Open,11,33.592578011311886,-64.8770663097466
CLM-2024-00078,POL-4570,2024-07-27,2024-09-15,Casualty,ExcessOfLoss,1363.44,67.82,1295.6200000000001,Open,7,36.71599277160327,137.77036542134286
CLM-2024-00079,POL-8571,2024-01-19,2024-03-23,Life,ExcessOfLoss,12699.69,11173.3,1526.3900000000012,Open,1,50.27667138394733,3.811669347164745
CLM-2024-00080,POL-7118,2024-01-25,2024-03-14,Property,StopLoss,37481.62,1112.23,36369.39,Open,1,35.48517860924021,141.35096530780044
CLM-2024-00081,POL-5627,2024-03-31,2024-04-19,Aviation,ExcessOfLoss,51216.78,4692.18,46524.6,Open,3,0.8971038651929626,104.85770199072236
CLM-2024-00082,POL-7297,2024-06-03,2024-06-29,Marine,ExcessOfLoss,56943.58,38873.22,18070.36,Open,6,39.507354970977325,-73.83351835060381
CLM-2024-00083,POL-9450,2024-03-29,2024-03-30,Casualty,QuotaShare,234562.39,82610.27,151952.12,Open,3,35.54010157798426,140.47537662062672
CLM-2024-00084,POL-4571,2024-07-25,2024-09-17,Casualty,ExcessOfLoss,1091262.43,31330.52,1059931.91,Open,7,2.6966389160065423,102.72246508344065
CLM-2024-00085,POL-5386,2024-09-12,2024-12-03,Casualty,QuotaShare,174965.29,15846.4,159118.89,Open,9,48.00028196537464,0.7277697843107611
CLM-2024-00086,POL-4830,2024-02-08,2024-05-08,Marine,StopLoss,145956.44,70151.05,75805.39,Open,2,38.93598344680822,-74.17860292766375
CLM-2024-00087,POL-9706,2024-09-29,2024-11-28,Life,StopLoss,2737.99,560.18,2177.81,Open,9,30.382135491902034,-64.51871184498188
CLM-2024-00088,POL-6878,2024-09-15,2024-10-08,Aviation,QuotaShare,630.94,482.36,148.58000000000004,Open,9,2.571661148308313,103.34471659847846
CLM-2024-00089,POL-1870,2024-05-27,2024-07-03,Property,StopLoss,640.53,132.63,507.9,Open,5,40.71052110926371,-72.41237808255264
CLM-2024-00090,POL-2561,2024-02-02,2024-02-05,Marine,StopLoss,3117.46,1324.26,1793.2,Open,2,36.72782985193154,137.71251412439986
CLM-2024-00091,POL-3255,2024-10-18,2025-01-14,Life,ExcessOfLoss,2576.43,668.27,1908.1599999999999,Open,10,40.582579933542284,-74.58201546636435
CLM-2024-00092,POL-3975,2024-01-04,2024-03-04,Marine,QuotaShare,28623.89,22371.54,6252.3499999999985,Open,1,-0.6161993192873019,105.7070321728214
CLM-2024-00093,POL-8478,2024-05-18,2024-08-06,Life,StopLoss,21732.89,2195.83,19537.059999999998,Open,5,39.90359203114487,-75.16111079903065
CLM-2024-00094,POL-9256,2024-06-12,2024-07-05,Property,QuotaShare,9698.39,3219.04,6479.349999999999,Open,6,40.087041286396456,-72.4016535001756
CLM-2024-00095,POL-4103,2024-02-02,2024-03-04,Aviation,StopLoss,2157.38,1725.64,431.74,Open,2,47.19509617474957,1.1906677649634045
CLM-2024-00096,POL-8532,2024-02-21,2024-05-05,Aviation,QuotaShare,6894.36,2713.0,4181.36,Open,2,36.48915605388389,141.60096704604425
CLM-2024-00097,POL-8206,2024-03-27,2024-03-30,Property,QuotaShare,12315.04,8350.66,3964.380000000001,Open,3,42.232247190450465,-74.06330508195295
CLM-2024-00098,POL-4584,2024-06-25,2024-08-18,Casualty,QuotaShare,5401.29,5152.63,248.65999999999985,Open,6,53.248973590365104,0.8839067669085195
CLM-2024-00099,POL-5879,2024-10-23,2024-11-19,Property,QuotaShare,29884.07,13755.84,16128.23,Open,10,33.44267723179833,-63.385121675092314
CLM-2024-00100,POL-1354,2024-04-13,2024-06-09,Marine,QuotaShare,22947.27,2549.98,20397.29,Open,4,41.12985346155144,-73.95583039520798
CLM-2024-00101,POL-9936,2024-07-17,2024-09-17,Aviation,QuotaShare,70836.41,12988.04,57848.37,Open,7,33.87131905424815,-64.39767803977911
CLM-2024-00102,POL-7490,2024-07-14,2024-09-25,Aviation,StopLoss,1202.87,823.14,379.7299999999999,Open,7,41.16572743774407,-73.85081053532068
CLM-2024-00103,POL-6123,2024-04-30,2024-06-30,Property,QuotaShare,951.4,669.39,282.01,Open,4,40.66477251868753,-72.80411010289254
CLM-2024-00104,POL-1934,2024-05-24,2024-08-12,Aviation,QuotaShare,17655.75,15147.29,2508.459999999999,Open,5,-0.5503604375429987,102.8521290792933
CLM-2024-00105,POL-6377,2024-04-15,2024-06-07,Casualty,ExcessOfLoss,284.06,272.71,11.350000000000023,Open,4,32.969573660879895,-62.96994390409814
CLM-2024-00106,POL-3071,2024-11-17,2024-12-27,Marine,QuotaShare,2075.67,1263.42,812.25,Open,11,40.81464017886378,-72.4893548777523
CLM-2024-00107,POL-8484,2024-09-09,2024-10-26,Marine,ExcessOfLoss,3177.69,2822.21,355.48,Open,9,41.445877737110436,-74.11497804875974
CLM-2024-00108,POL-8584,2024-08-19,2024-09-13,Casualty,QuotaShare,15640.77,7081.96,8558.810000000001,Open,8,2.757961149305947,102.29117296908727
CLM-2024-00109,POL-3829,2024-08-18,2024-10-22,Marine,QuotaShare,689284.22,575308.67,113975.54999999993,Open,8,48.58503245308137,3.595999437880925
CLM-2024-00110,POL-4670,2024-04-04,2024-05-05,Casualty,ExcessOfLoss,81727.77,56808.76,24919.010000000002,Open,4,50.82163241818137,1.2743093679010857
CLM-2024-00111,POL-3421,2024-05-24,2024-06-04,Marine,QuotaShare,10397.74,5326.53,5071.21,Open,5,37.63521713703241,141.5044446778999
CLM-2024-00112,POL-5836,2024-02-17,2024-03-08,Casualty,QuotaShare,1447.77,1118.35,329.4200000000001,Open,2,39.07399883520805,-75.88934827712077
CLM-2024-00113,POL-5950,2024-07-10,2024-09-29,Property,ExcessOfLoss,63457.46,11192.49,52264.97,Open,7,49.589401639092095,-0.19044620883036098
CLM-2024-00114,POL-5478,2024-02-05,2024-03-24,Property,QuotaShare,8326.31,4877.76,3448.5499999999993,Open,2,31.68553535306261,-64.5013007298489
CLM-2024-00115,POL-9534,2024-11-30,2025-02-10,Aviation,ExcessOfLoss,1530.73,1503.28,27.450000000000045,Open,11,31.293429232466554,-65.18511935762164
CLM-2024-00116,POL-7077,2024-09-29,2024-11-03,Aviation,StopLoss,51387.65,25699.76,25687.890000000003,Open,9,49.578475227519746,3.2701115103856933
CLM-2024-00117,POL-6256,2024-05-29,2024-06-07,Aviation,QuotaShare,32080.84,11261.53,20819.309999999998,Open,5,39.370015342801295,-73.58929444158278
CLM-2024-00118,POL-6069,2024-02-16,2024-04-22,Casualty,ExcessOfLoss,50554.93,24786.36,25768.57,Open,2,2.386756397693134,104.54219851287766
CLM-2024-00119,POL-1220,2024-02-04,2024-03-05,Marine,StopLoss,1941706.5,990052.01,951654.49,Open,2,3.0031964978014094,102.68177473936086
CLM-2024-00120,POL-5258,2024-12-13,2025-01-28,Life,ExcessOfLoss,11937.23,9956.4,1980.83,Open,12,49.990070371684865,3.826435305934722
CLM-2024-00121,POL-6248,2024-03-29,2024-06-15,Life,QuotaShare,1020785.68,756825.69,263959.9900000001,Open,3,31.59445664267655,-63.24641128257633
CLM-2024-00122,POL-3398,2024-08-03,2024-10-29,Life,StopLoss,12021.69,650.44,11371.25,Open,8,31.215675134118108,-65.30264254424277
CLM-2024-00123,POL-6588,2024-08-25,2024-11-22,Life,ExcessOfLoss,7832.76,7265.79,566.9700000000003,Open,8,31.44844387909427,-63.608352979259024
CLM-2024-00124,POL-7171,2024-01-27,2024-02-08,Aviation,QuotaShare,154.02,69.2,84.82000000000001,Open,1,49.281037246021434,3.9012004410836716
CLM-2024-00125,POL-8672,2024-10-17,2025-01-08,Marine,ExcessOfLoss,36858.65,24990.53,11868.120000000003,Open,10,35.01810863639057,138.85901035433787
CLM-2024-00126,POL-2810,2024-11-04,2024-11-29,Life,QuotaShare,8602.5,2827.29,5775.21,Open,11,47.6462544661956,1.1488237771210206
CLM-2024-00127,POL-5072,2024-11-22,2024-12-30,Property,QuotaShare,447473.68,15445.44,432028.24,Open,11,48.72244280790096,1.1461603632469575
CLM-2024-00128,POL-4065,2024-06-04,2024-08-21,Property,StopLoss,520173.93,508903.02,11270.909999999974,Open,6,52.55280405350308,1.3376502198770892
CLM-2024-00129,POL-5417,2024-02-18,2024-04-06,Life,StopLoss,13503.02,12116.91,1386.1100000000006,Open,2,39.95096796705258,-72.32351060794753
CLM-2024-00130,POL-9464,2024-06-06,2024-07-05,Property,StopLoss,22745.54,7364.86,15380.68,Open,6,36.149726303718964,140.06240702527367
CLM-2024-00131,POL-9666,2024-11-05,2024-11-27,Aviation,QuotaShare,17509.0,929.58,16579.42,Open,11,1.0163965327968216,103.84420619078001
CLM-2024-00132,POL-7805,2024-04-30,2024-07-21,Marine,StopLoss,578307.94,325178.38,253129.55999999994,Open,4,36.991169080269195,140.74261558692126
CLM-2024-00133,POL-4013,2024-09-25,2024-10-05,Aviation,ExcessOfLoss,17604.29,7347.2,10257.09,Open,9,42.44141876539345,-74.70066646266908
CLM-2024-00134,POL-1059,2024-10-15,2024-12-12,Property,QuotaShare,2767.03,1933.15,833.8800000000001,Open,10,49.928869543319315,1.7181850660042517
CLM-2024-00135,POL-6736,2024-06-05,2024-07-02,Life,QuotaShare,78140.12,42209.54,35930.579999999994,Open,6,41.05599316120369,-72.60296279470336
CLM-2024-00136,POL-7283,2024-11-24,2025-01-08,Aviation,StopLoss,267345.35,246613.16,20732.189999999973,Open,11,0.5773622800983458,104.37627915504095
CLM-2024-00137,POL-5159,2024-01-20,2024-01-29,Marine,StopLoss,137718.38,61512.97,76205.41,Open,1,47.080365804441506,3.8454330272885175
CLM-2024-00138,POL-8912,2024-06-11,2024-06-18,Aviation,StopLoss,2257.02,1028.18,1228.84,Open,6,0.0826224590906568,102.25507943489502
CLM-2024-00139,POL-3381,2024-09-12,2024-10-20,Casualty,StopLoss,7701.34,7144.77,556.5699999999997,Open,9,32.96868472785884,-63.30541924333495
CLM-2024-00140,POL-7494,2024-09-29,2024-12-13,Casualty,ExcessOfLoss,159010.26,113226.54,45783.720000000016,Open,9,35.671544591597275,140.38249290450793
CLM-2024-00141,POL-9339,2024-09-12,2024-10-22,Casualty,ExcessOfLoss,35463.66,22232.86,13230.800000000003,Open,9,1.3753108630736484,103.49877731554932
CLM-2024-00142,POL-5564,2024-04-10,2024-04-22,Marine,ExcessOfLoss,13202.48,9529.58,3672.8999999999996,Open,4,47.84167912069604,4.327709524641312
CLM-2024-00143,POL-8104,2024-07-14,2024-09-24,Marine,QuotaShare,30247.86,12801.91,17445.95,Open,7,30.755653248348622,-65.52809058607744
CLM-2024-00144,POL-3964,2024-06-30,2024-07-02,Marine,StopLoss,15184.64,12285.77,2898.869999999999,Open,6,2.6696973037235314,102.46366750374655
CLM-2024-00145,POL-6170,2024-03-18,2024-05-11,Marine,StopLoss,48240.16,11362.63,36877.530000000006,Open,3,0.9779975519045618,105.38208598812056
CLM-2024-00146,POL-4645,2024-03-08,2024-05-22,Casualty,StopLoss,12509.01,3590.95,8918.060000000001,Open,3,35.215494720144555,139.90653413351706
CLM-2024-00147,POL-5877,2024-01-04,2024-02-12,Marine,ExcessOfLoss,5420.54,2509.69,2910.85,Open,1,51.47812369905306,1.3321661335814954
CLM-2024-00148,POL-2080,2024-01-10,2024-03-19,Aviation,QuotaShare,37343.97,19337.17,18006.800000000003,Open,1,3.2945617075006877,104.65913522298408
CLM-2024-00149,POL-2218,2024-12-02,2025-02-16,Marine,QuotaShare,63398.83,33321.4,30077.43,Open,12,31.526291854373923,-65.68876996798265
CLM-2024-00150,POL-7655,2024-04-23,2024-05-29,Life,StopLoss,1336.43,866.67,469.7600000000001,Open,4,2.5812490542356348,104.59855536606818
CLM-2024-00151,POL-6216,2024-10-07,2024-12-09,Property,QuotaShare,76389.27,49891.78,26497.490000000005,Open,10,49.76884561763669,0.6206555871365542
CLM-2024-00152,POL-9856,2024-01-19,2024-04-13,Marine,StopLoss,7604.87,6628.78,976.0900000000001,Open,1,41.59534487758067,-72.51888942800406
CLM-2024-00153,POL-8805,2024-07-20,2024-09-18,Life,QuotaShare,344377.79,6913.23,337464.56,Open,7,37.187055550841244,139.5476462054612
CLM-2024-00154,POL-4362,2024-05-19,2024-06-30,Marine,StopLoss,671021.59,561734.03,109287.55999999994,Open,5,1.751815593080356,105.48949551329085
CLM-2024-00155,POL-1540,2024-11-25,2024-12-21,Marine,QuotaShare,7294.0,4550.78,2743.2200000000003,Open,11,39.1364723720993,-74.4178496969548
CLM-2024-00156,POL-2035,2024-12-22,2025-03-17,Marine,QuotaShare,1514.75,699.86,814.89,Open,12,48.93978779106571,1.1592949983851168
CLM-2024-00157,POL-5877,2024-05-17,2024-08-08,Property,ExcessOfLoss,279073.43,4507.59,274565.83999999997,Open,5,49.83758842116205,0.1376794345832081
CLM-2024-00158,POL-1147,2024-01-25,2024-04-03,Casualty,QuotaShare,11648.0,10501.71,1146.2900000000009,Open,1,41.40095853909683,-73.70288634712537
CLM-2024-00159,POL-3494,2024-05-31,2024-06-19,Casualty,ExcessOfLoss,75275.73,46207.5,29068.229999999996,Open,5,1.6125873160370543,105.37582055667119
CLM-2024-00160,POL-6750,2024-04-17,2024-07-06,Marine,ExcessOfLoss,383058.57,349895.91,33162.66000000003,Open,4,47.33677546369502,2.7518095064332586
CLM-2024-00161,POL-9392,2024-11-06,2025-01-04,Life,QuotaShare,30820.77,4294.55,26526.22,Open,11,1.339695551409347,102.48923531262675
CLM-2024-00162,POL-7019,2024-12-14,2025-02-23,Casualty,ExcessOfLoss,374.68,276.92,97.75999999999999,Open,12,39.46910945673729,-75.14844519607153
CLM-2024-00163,POL-9392,2024-08-28,2024-09-14,Casualty,StopLoss,29554.74,9501.66,20053.08,Open,8,37.470543854940225,139.25841676915107
CLM-2024-00164,POL-8510,2024-01-17,2024-03-05,Marine,QuotaShare,29958.67,4909.18,25049.489999999998,Open,1,50.42485640131547,3.0969011077767945
CLM-2024-00165,POL-8637,2024-04-08,2024-04-09,Casualty,QuotaShare,2351.82,598.77,1753.0500000000002,Open,4,37.43483529414672,137.94345818001509
CLM-2024-00166,POL-5297,2024-11-29,2025-02-06,Casualty,StopLoss,30888.03,8916.33,21971.699999999997,Open,11,34.211919241007095,138.83827843768378
CLM-2024-00167,POL-5659,2024-01-19,2024-04-07,Casualty,StopLoss,2429.73,401.94,2027.79,Open,1,53.17258258166526,0.9640132382612588
CLM-2024-00168,POL-6061,2024-01-03,2024-03-16,Marine,StopLoss,1385.07,218.45,1166.62,Open,1,51.97826828528501,-1.6745975089275824
CLM-2024-00169,POL-6958,2024-10-15,2025-01-04,Property,QuotaShare,180829.26,146071.7,34757.56,Open,10,37.1206462500005,137.8065469023497
CLM-2024-00170,POL-3659,2024-02-13,2024-02-28,Aviation,StopLoss,9797.37,1382.6,8414.77,Open,2,41.86990314608516,-72.94690645387809
CLM-2024-00171,POL-3162,2024-03-25,2024-04-29,Casualty,ExcessOfLoss,9444.81,7587.33,1857.4799999999996,Open,3,33.962726680191494,-66.4903834719024
CLM-2024-00172,POL-5017,2024-03-11,2024-04-05,Aviation,ExcessOfLoss,31484.07,2486.2,28997.87,Open,3,53.26054870170144,-1.6673756869437069
CLM-2024-00173,POL-6599,2024-06-19,2024-09-17,Casualty,StopLoss,114005.07,60390.84,53614.23000000001,Open,6,36.42990481966454,139.05353845673446
CLM-2024-00174,POL-1107,2024-09-27,2024-10-10,Property,QuotaShare,106084.62,52021.88,54062.74,Open,9,52.97380034059801,-1.6434456138132505
CLM-2024-00175,POL-6404,2024-06-15,2024-07-22,Marine,ExcessOfLoss,175833.18,83661.07,92172.10999999999,Open,6,30.763472777310454,-66.70508632292182
CLM-2024-00176,POL-3195,2024-03-14,2024-05-08,Marine,QuotaShare,445562.9,49205.48,396357.42000000004,Open,3,35.46152179072827,138.0986802835905
CLM-2024-00177,POL-7109,2024-09-09,2024-10-18,Marine,ExcessOfLoss,48750.6,4664.6,44086.0,Open,9,35.757431884086145,140.31249515741447
CLM-2024-00178,POL-2697,2024-12-16,2025-03-03,Property,QuotaShare,70907.38,36596.91,34310.47,Open,12,2.491833929728971,102.05372001898364
CLM-2024-00179,POL-6374,2024-04-19,2024-05-10,Life,QuotaShare,2737.23,1088.98,1648.25,Open,4,31.792285871227076,-64.14989993303382
CLM-2024-00180,POL-7622,2024-06-20,2024-07-02,Marine,ExcessOfLoss,609.29,481.24,128.04999999999995,Open,6,48.203489723267275,2.8823382921217213
CLM-2024-00181,POL-5675,2024-02-07,2024-02-15,Property,ExcessOfLoss,4061.05,805.08,3255.9700000000003,Open,2,0.9656771478304478,101.82075945985142
CLM-2024-00182,POL-9875,2024-09-05,2024-10-17,Aviation,ExcessOfLoss,22261.27,2852.33,19408.940000000002,Open,9,51.31355421335665,1.0646295406555104
CLM-2024-00183,POL-8707,2024-07-11,2024-09-09,Life,StopLoss,60112.62,36016.35,24096.270000000004,Open,7,34.122308601906425,139.9086219617336
CLM-2024-00184,POL-2022,2024-03-19,2024-04-13,Aviation,ExcessOfLoss,13448.44,1657.4,11791.04,Open,3,-0.464326038692521,103.10008923746864
CLM-2024-00185,POL-1108,2024-12-26,2025-01-18,Property,ExcessOfLoss,10554.66,8798.59,1756.0699999999997,Open,12,2.851067499986496,105.02655522420771
CLM-2024-00186,POL-6851,2024-07-30,2024-08-04,Marine,QuotaShare,1441.0,887.86,553.14,Open,7,2.586279437911591,103.80524990217009
CLM-2024-00187,POL-2324,2024-12-19,2025-01-13,Marine,QuotaShare,151070.47,93068.58,58001.89,Open,12,33.836172847680075,140.71556860482852
CLM-2024-00188,POL-1464,2024-08-14,2024-09-09,Property,StopLoss,9581.97,1011.04,8570.93,Open,8,51.68387093790625,-1.8814933509440703
CLM-2024-00189,POL-7011,2024-12-29,2025-01-16,Aviation,QuotaShare,87123.34,16504.78,70618.56,Open,12,-0.633915478804898,104.38470653519937
CLM-2024-00190,POL-2921,2024-05-08,2024-07-20,Casualty,QuotaShare,2332.4,872.87,1459.5300000000002,Open,5,40.08999068199694,-75.07375157562664
CLM-2024-00191,POL-9652,2024-12-21,2025-03-11,Marine,StopLoss,1400886.29,1366020.14,34866.15000000014,Open,12,51.31617685992562,1.3485873045060057
CLM-2024-00192,POL-6456,2024-04-26,2024-07-13,Property,QuotaShare,582911.71,68625.92,514285.79,Open,4,32.08834875751733,-65.39933225507895
CLM-2024-00193,POL-6484,2024-07-21,2024-10-07,Casualty,ExcessOfLoss,43806.98,32147.98,11659.000000000004,Open,7,41.588223912926104,-75.60492688664625
CLM-2024-00194,POL-4546,2024-02-05,2024-03-14,Property,ExcessOfLoss,11452.53,1606.2,9846.33,Open,2,1.3138549995558075,102.51068618821034
CLM-2024-00195,POL-8669,2024-03-22,2024-03-27,Property,QuotaShare,57681.35,35791.16,21890.189999999995,Open,3,39.30092377819097,-72.849880763071
CLM-2024-00196,POL-2844,2024-03-19,2024-05-23,Marine,QuotaShare,107959.01,79791.01,28168.0,Open,3,50.57345603145856,2.804119592481134
CLM-2024-00197,POL-5945,2024-06-21,2024-07-11,Property,StopLoss,2071.89,475.79,1596.1,Open,6,50.20535486699654,1.6703735729205833
CLM-2024-00198,POL-5345,2024-08-23,2024-10-04,Life,StopLoss,40742.21,37869.63,2872.5800000000017,Open,8,48.29907024258856,0.3633238891280395
CLM-2024-00199,POL-5401,2024-10-04,2024-11-26,Casualty,ExcessOfLoss,1601.27,1017.42,583.85,Open,10,0.7725433181389985,102.68264430128136
CLM-2024-00200,POL-2891,2024-05-28,2024-06-22,Marine,StopLoss,24459.95,2869.37,21590.58,Open,5,-0.5699445988747613,105.65056726625583
CLM-2024-00201,POL-1525,2024-09-03,2024-09-19,Life,ExcessOfLoss,10438.18,8722.29,1715.8899999999994,Open,9,40.736091502587,-72.28515468592627
CLM-2024-00202,POL-4623,2024-12-24,2025-02-04,Property,ExcessOfLoss,194163.44,34693.25,159470.19,Open,12,30.57825042432893,-64.97259649262455
CLM-2024-00203,POL-8335,2024-03-12,2024-05-05,Casualty,QuotaShare,363022.25,324200.91,38821.340000000026,Open,3,35.74983330804055,138.99598100528854
CLM-2024-00204,POL-5050,2024-08-24,2024-09-02,Property,StopLoss,48597.0,31767.59,16829.41,Open,8,50.617546779351734,2.2392678771808328
CLM-2024-00205,POL-6086,2024-05-29,2024-06-28,Property,QuotaShare,886.8,712.05,174.75,Open,5,48.73394528846737,3.9401201727893604
CLM-2024-00206,POL-8235,2024-09-23,2024-11-06,Property,ExcessOfLoss,25135.84,2260.49,22875.35,Open,9,33.90364252140707,138.7842333209186
CLM-2024-00207,POL-5121,2024-01-05,2024-03-31,Life,ExcessOfLoss,159889.29,29276.13,130613.16,Open,1,49.3887081178184,0.5783158043573673
CLM-2024-00208,POL-5780,2024-03-04,2024-04-02,Marine,QuotaShare,2145.27,416.67,1728.6,Open,3,-0.6402251673781905,102.02708189326205
CLM-2024-00209,POL-2560,2024-10-18,2024-12-08,Property,ExcessOfLoss,9476.38,766.99,8709.39,Open,10,3.148717506640056,104.7374943537395
CLM-2024-00210,POL-7523,2024-05-09,2024-06-19,Marine,ExcessOfLoss,32050.35,13031.54,19018.809999999998,Open,5,1.88205726731322,105.75880960400632
CLM-2024-00211,POL-7343,2024-01-21,2024-04-03,Marine,QuotaShare,433.78,38.86,394.91999999999996,Open,1,2.906057290086258,105.0932554063721
CLM-2024-00212,POL-7560,2024-08-19,2024-09-26,Aviation,ExcessOfLoss,91016.36,74745.94,16270.419999999998,Open,8,37.38721940669779,138.9662814351048
CLM-2024-00213,POL-2242,2024-08-07,2024-10-17,Casualty,StopLoss,12580.12,153.12,12427.0,Open,8,32.676803069599835,-65.08481267532258
CLM-2024-00214,POL-6051,2024-11-17,2025-01-09,Property,StopLoss,90332.28,49531.47,40800.81,Open,11,50.10151430594377,2.887273374489589
CLM-2024-00215,POL-8515,2024-03-11,2024-03-23,Marine,QuotaShare,449.95,198.91,251.04,Open,3,0.670798895429213,103.74820088173078
CLM-2024-00216,POL-4375,2024-09-04,2024-11-02,Marine,ExcessOfLoss,79521.25,23721.48,55799.770000000004,Open,9,2.776154826378032,102.5078495188828
CLM-2024-00217,POL-1630,2024-03-15,2024-05-17,Marine,StopLoss,46295.92,34768.8,11527.119999999995,Open,3,-0.331405231817234,103.73549361245303
CLM-2024-00218,POL-5355,2024-04-09,2024-06-08,Aviation,ExcessOfLoss,26421.18,14339.03,12082.15,Open,4,32.19104210363639,-63.752718323746834
CLM-2024-00219,POL-2404,2024-12-23,2025-03-04,Property,StopLoss,66961.09,34563.36,32397.729999999996,Open,12,37.09464564065936,140.22488921270946
CLM-2024-00220,POL-2560,2024-08-06,2024-08-29,Life,ExcessOfLoss,33941.91,1609.12,32332.790000000005,Open,8,32.37094240133668,-65.4343826612827
CLM-2024-00221,POL-2654,2024-03-24,2024-04-24,Aviation,ExcessOfLoss,17578.09,5375.86,12202.23,Open,3,37.33766631599358,138.16478138206756
CLM-2024-00222,POL-8499,2024-05-27,2024-07-26,Marine,ExcessOfLoss,7182.4,4037.52,3144.8799999999997,Open,5,40.90858682665127,-75.73811758884338
CLM-2024-00223,POL-1795,2024-12-18,2025-01-29,Aviation,QuotaShare,3687.61,2644.52,1043.0900000000001,Open,12,41.093575929187715,-74.55559557221879
CLM-2024-00224,POL-1149,2024-07-24,2024-08-09,Property,ExcessOfLoss,160734.27,67986.42,92747.84999999999,Open,7,48.90670242915714,4.1526863733068105
CLM-2024-00225,POL-4396,2024-04-07,2024-06-04,Property,ExcessOfLoss,3596.24,3538.34,57.899999999999636,Open,4,2.1808800600709333,104.14829640939625
CLM-2024-00226,POL-9680,2024-04-15,2024-05-19,Property,QuotaShare,535.1,108.78,426.32000000000005,Open,4,34.234082272515096,-65.45262562447962
CLM-2024-00227,POL-9308,2024-11-03,2024-12-06,Casualty,QuotaShare,116596.05,50977.68,65618.37,Open,11,31.855641920047802,-63.569049741616126
CLM-2024-00228,POL-5235,2024-11-15,2025-01-05,Life,ExcessOfLoss,319.67,307.84,11.830000000000041,Open,11,40.502907305171725,-75.92232358912817
CLM-2024-00229,POL-9033,2024-08-07,2024-08-31,Property,QuotaShare,2192.15,626.32,1565.83,Open,8,31.08359755248625,-64.2818079806624
CLM-2024-00230,POL-5579,2024-01-09,2024-02-20,Marine,ExcessOfLoss,62749.48,29208.51,33540.97,Open,1,47.798197598030086,0.9557580852276124
CLM-2024-00231,POL-9773,2024-01-15,2024-03-08,Marine,QuotaShare,478.48,117.12,361.36,Open,1,52.34273781851156,1.673839472408287
CLM-2024-00232,POL-3360,2024-03-28,2024-05-01,Life,QuotaShare,410434.08,255791.86,154642.22000000003,Open,3,48.88735769712376,2.470532481337963
CLM-2024-00233,POL-5965,2024-08-09,2024-10-16,Aviation,StopLoss,11735.2,3590.06,8145.140000000001,Open,8,1.7314812886172253,103.57448909693998
CLM-2024-00234,POL-7521,2024-09-28,2024-11-29,Life,QuotaShare,22739.33,2769.08,19970.25,Open,9,51.650392663121174,-0.9153621864028277
CLM-2024-00235,POL-2983,2024-12-12,2025-01-08,Life,QuotaShare,159520.25,156774.09,2746.1600000000035,Open,12,35.476872210743856,140.93145379043676
CLM-2024-00236,POL-4770,2024-09-06,2024-09-28,Marine,QuotaShare,362.17,288.6,73.57,Open,9,52.51008858611925,0.09214432817612264
CLM-2024-00237,POL-8815,2024-09-09,2024-11-28,Aviation,QuotaShare,8315.77,1263.7,7052.070000000001,Open,9,35.318158511837005,139.2418657293006
CLM-2024-00238,POL-6274,2024-02-10,2024-03-04,Aviation,StopLoss,602309.54,78161.73,524147.81000000006,Open,2,2.5042794145685328,104.03697210320982
CLM-2024-00239,POL-3784,2024-08-05,2024-09-25,Casualty,QuotaShare,19608.33,1921.2,17687.13,Open,8,36.15128562370633,140.64784808167698
CLM-2024-00240,POL-4069,2024-04-22,2024-07-04,Property,QuotaShare,15539.04,7505.76,8033.280000000001,Open,4,47.14226205711854,3.4397517466919294
CLM-2024-00241,POL-2641,2024-06-08,2024-06-27,Life,QuotaShare,1772.09,1067.31,704.78,Open,6,52.11978107466896,-1.0878240784432405
CLM-2024-00242,POL-1952,2024-04-03,2024-05-06,Property,ExcessOfLoss,25943.21,6158.34,19784.87,Open,4,50.280174053722526,2.1608648297579394
CLM-2024-00243,POL-1839,2024-03-01,2024-04-03,Life,ExcessOfLoss,16082.22,2462.04,13620.18,Open,3,53.023512555459476,0.8792761382275064
CLM-2024-00244,POL-9012,2024-12-02,2025-01-13,Aviation,StopLoss,4605.79,3112.92,1492.87,Open,12,50.043178444886685,1.8061014155059678
CLM-2024-00245,POL-2270,2024-01-13,2024-04-10,Marine,StopLoss,834.6,384.89,449.71000000000004,Open,1,0.18597128271026042,105.56288527522219
CLM-2024-00246,POL-4236,2024-09-07,2024-11-29,Casualty,StopLoss,240089.11,161824.5,78264.60999999999,Open,9,51.23639294160791,-1.233956390640057
CLM-2024-00247,POL-8828,2024-10-29,2025-01-04,Marine,QuotaShare,10028.84,535.22,9493.62,Open,10,48.1675553867778,3.7788526332235155
CLM-2024-00248,POL-9616,2024-10-18,2024-12-28,Property,ExcessOfLoss,35599.14,30699.99,4899.149999999998,Open,10,49.63991874298485,1.5016444858449491
CLM-2024-00249,POL-7173,2024-08-28,2024-08-31,Casualty,StopLoss,12116.57,6326.41,5790.16,Open,8,1.054383367160253,103.86607350299238
CLM-2024-00250,POL-9714,2024-03-24,2024-03-29,Marine,QuotaShare,12000.69,8944.0,3056.6900000000005,Open,3,50.267410842806314,-0.46404552568775725
CLM-2024-00251,POL-3028,2024-11-14,2025-01-27,Casualty,QuotaShare,2076.04,1699.55,376.49,Open,11,33.199382002610164,-66.31852234889313
CLM-2024-00252,POL-9334,2024-04-20,2024-06-27,Marine,QuotaShare,100581.26,22845.44,77735.81999999999,Open,4,31.75526150248068,-65.65584676550876
CLM-2024-00253,POL-6199,2024-08-21,2024-10-29,Property,ExcessOfLoss,1028.8,230.74,798.06,Open,8,33.64472493340088,-63.58100751800083
CLM-2024-00254,POL-4151,2024-03-15,2024-04-15,Marine,QuotaShare,26894.66,11320.85,15573.81,Open,3,30.384219970295643,-65.13889091070038
CLM-2024-00255,POL-8630,2024-07-30,2024-10-09,Marine,QuotaShare,139555.47,66195.38,73360.09,Open,7,35.10913351592285,137.77571300940784
CLM-2024-00256,POL-7118,2024-07-05,2024-08-18,Casualty,StopLoss,16866.14,2399.1,14467.039999999999,Open,7,49.49351172239564,1.3834637896449271
CLM-2024-00257,POL-6587,2024-11-13,2024-12-05,Casualty,ExcessOfLoss,217310.94,106796.16,110514.78,Open,11,-0.5095025633151944,103.15664746113347
CLM-2024-00258,POL-8652,2024-03-24,2024-05-05,Life,ExcessOfLoss,125774.99,124058.53,1716.4600000000064,Open,3,1.289638423065285,105.13497156965347
CLM-2024-00259,POL-2345,2024-08-31,2024-11-02,Aviation,StopLoss,9400.41,4695.95,4704.46,Open,8,0.035050807336604706,102.64312129599861
CLM-2024-00260,POL-7470,2024-01-29,2024-04-12,Property,QuotaShare,25498.24,2637.26,22860.980000000003,Open,1,52.870613142653035,-1.8943633778523015
CLM-2024-00261,POL-4501,2024-04-03,2024-04-08,Marine,QuotaShare,8217.78,3885.45,4332.330000000001,Open,4,40.43412356573927,-75.05149552735145
CLM-2024-00262,POL-5594,2024-02-26,2024-05-12,Property,StopLoss,25840.64,19291.88,6548.759999999998,Open,2,46.88944351540862,3.8457869078558256
CLM-2024-00263,POL-7445,2024-04-30,2024-07-18,Life,ExcessOfLoss,194564.4,184572.96,9991.440000000002,Open,4,51.619550442655814,-0.954644511399921
CLM-2024-00264,POL-1874,2024-12-25,2025-02-06,Life,ExcessOfLoss,8023.63,6027.39,1996.2399999999998,Open,12,50.012136291322584,-0.5549707064496306
CLM-2024-00265,POL-7840,2024-06-16,2024-09-10,Life,QuotaShare,113531.47,113004.79,526.6800000000076,Open,6,33.252567253078865,-64.2927471169544
CLM-2024-00266,POL-6416,2024-08-06,2024-08-28,Aviation,StopLoss,3560.26,490.19,3070.07,Open,8,-0.6128129312251467,102.65792897817019
CLM-2024-00267,POL-8271,2024-02-29,2024-04-23,Aviation,QuotaShare,83341.45,33515.46,49825.99,Open,2,49.40313924943743,2.5945689092250546
CLM-2024-00268,POL-5107,2024-09-06,2024-11-22,Casualty,QuotaShare,54071.41,44937.41,9134.0,Open,9,49.063904644202864,3.957670413940318
CLM-2024-00269,POL-5587,2024-06-20,2024-08-16,Marine,QuotaShare,23169.75,21314.33,1855.4199999999983,Open,6,1.0829708894491512,103.46422534488987
CLM-2024-00270,POL-2229,2024-01-20,2024-02-02,Aviation,ExcessOfLoss,8091.55,5098.55,2993.0,Open,1,2.6642468598705102,102.95872139125413
CLM-2024-00271,POL-7008,2024-06-08,2024-08-19,Marine,QuotaShare,7518.06,5659.8,1858.2600000000002,Open,6,49.00556320324095,3.9241024939994724
CLM-2024-00272,POL-7322,2024-03-27,2024-06-14,Life,StopLoss,4899.79,234.11,4665.68,Open,3,47.13296320845165,4.215921068438545
CLM-2024-00273,POL-1486,2024-02-08,2024-03-23,Aviation,ExcessOfLoss,2293.11,515.15,1777.96,Open,2,52.09110911895583,-0.32673230062211933
CLM-2024-00274,POL-6772,2024-08-16,2024-09-14,Marine,StopLoss,3271.11,1128.08,2143.03,Open,8,30.350888470651856,-63.783583739417374
CLM-2024-00275,POL-9358,2024-08-20,2024-10-29,Marine,QuotaShare,1005490.91,200296.31,805194.6000000001,Open,8,51.09206001567357,1.433933952691006
CLM-2024-00276,POL-7290,2024-12-24,2025-03-22,Property,QuotaShare,50263.61,791.33,49472.28,Open,12,30.619884760868825,-66.044031738912
CLM-2024-00277,POL-9229,2024-08-11,2024-08-26,Casualty,QuotaShare,46998.76,13770.25,33228.51,Open,8,2.979639931683458,105.03248872133416
CLM-2024-00278,POL-2656,2024-09-15,2024-10-17,Life,QuotaShare,4141.35,3177.76,963.5900000000001,Open,9,50.90173377960427,-0.011224327421947095
CLM-2024-00279,POL-3356,2024-05-09,2024-07-18,Life,StopLoss,85748.43,3540.72,82207.70999999999,Open,5,37.48594019290012,138.07933892770544
CLM-2024-00280,POL-4929,2024-04-27,2024-05-08,Property,ExcessOfLoss,215900.62,26939.17,188961.45,Open,4,50.38547012140553,0.4135627992627988
CLM-2024-00281,POL-8249,2024-05-25,2024-07-25,Casualty,QuotaShare,19870.98,18621.07,1249.9099999999999,Open,5,49.06736908115028,1.4371602910857617
CLM-2024-00282,POL-8180,2024-01-30,2024-02-14,Casualty,ExcessOfLoss,114344.91,96811.67,17533.240000000005,Open,1,33.82946344448443,138.61606518178698
CLM-2024-00283,POL-4992,2024-01-19,2024-01-24,Life,StopLoss,206515.47,8117.25,198398.22,Open,1,33.09783921314708,-64.18577640606352
CLM-2024-00284,POL-3169,2024-05-22,2024-05-30,Marine,StopLoss,518479.74,509660.95,8818.789999999979,Open,5,50.796785231904025,1.6240346029249866
CLM-2024-00285,POL-6466,2024-07-02,2024-07-12,Aviation,ExcessOfLoss,139046.46,121492.25,17554.209999999992,Open,7,33.75267992769572,-64.29201478548681
CLM-2024-00286,POL-4013,2024-10-02,2024-10-17,Property,QuotaShare,156410.1,90589.0,65821.1,Open,10,32.44123018351519,-63.99879947791513
CLM-2024-00287,POL-9645,2024-05-26,2024-07-03,Marine,QuotaShare,2224.1,1850.39,373.7099999999998,Open,5,32.24771479951782,-63.26075735754336
CLM-2024-00288,POL-8583,2024-05-25,2024-08-22,Marine,QuotaShare,5262.43,2289.12,2973.3100000000004,Open,5,50.088598251740514,0.8423524031809317
CLM-2024-00289,POL-9823,2024-12-21,2025-01-04,Aviation,StopLoss,534527.94,380247.09,154280.84999999992,Open,12,32.64470121812437,-63.55106061616593
CLM-2024-00290,POL-8856,2024-04-09,2024-07-08,Aviation,QuotaShare,10461.87,2287.07,8174.800000000001,Open,4,35.80337742522284,137.72876604442982
CLM-2024-00291,POL-7816,2024-12-26,2025-01-27,Marine,QuotaShare,63522.93,21285.77,42237.16,Open,12,37.65561255710503,140.2494020128623
CLM-2024-00292,POL-3727,2024-08-20,2024-09-04,Life,StopLoss,46132.18,37891.12,8241.059999999998,Open,8,1.969665823674625,104.34381879005805
CLM-2024-00293,POL-2373,2024-04-29,2024-07-15,Aviation,StopLoss,7052.79,5819.02,1233.7699999999995,Open,4,50.27666324401129,1.4007068275820636
CLM-2024-00294,POL-3394,2024-02-17,2024-02-19,Casualty,StopLoss,22849.55,17245.22,5604.329999999998,Open,2,39.30235608944607,-75.75870943112798
CLM-2024-00295,POL-1323,2024-07-10,2024-08-07,Property,ExcessOfLoss,26627.99,22011.34,4616.6500000000015,Open,7,39.70849950416131,-72.02095069165105
CLM-2024-00296,POL-6171,2024-06-03,2024-07-31,Aviation,StopLoss,30531.83,4722.24,25809.590000000004,Open,6,36.425598061509376,140.56674454333452
CLM-2024-00297,POL-5355,2024-04-04,2024-06-17,Casualty,StopLoss,12025.5,2068.76,9956.74,Open,4,40.67606813097058,-72.82673829977664
CLM-2024-00298,POL-2654,2024-03-14,2024-04-05,Property,QuotaShare,1881.31,238.09,1643.22,Open,3,51.600789076659346,0.9900000353241963
CLM-2024-00299,POL-3091,2024-02-01,2024-03-27,Marine,StopLoss,37943.46,11835.31,26108.15,Open,2,53.17295190529838,1.2555740394333716
CLM-2024-00300,POL-8615,2024-04-25,2024-06-27,Casualty,StopLoss,64348.95,13821.45,50527.5,Open,4,41.608700148871385,-75.38685997370395
CLM-2024-00301,POL-9771,2024-10-05,2024-11-01,Property,ExcessOfLoss,85859.41,75606.53,10252.880000000005,Open,10,41.90532469600048,-75.99295160415434
CLM-2024-00302,POL-6136,2024-12-03,2024-12-20,Property,QuotaShare,7897.96,7240.28,657.6800000000003,Open,12,35.931341255648235,139.9664880875217
CLM-2024-00303,POL-3567,2024-02-28,2024-04-08,Life,StopLoss,594.12,268.37,325.75,Open,2,2.6388032326572826,105.07361257398797
CLM-2024-00304,POL-1560,2024-08-15,2024-10-16,Casualty,StopLoss,10082.99,10072.08,10.909999999999854,Open,8,51.685532598561274,1.0502654457410625
CLM-2024-00305,POL-4390,2024-12-29,2025-01-12,Casualty,StopLoss,266736.22,165155.28,101580.93999999997,Open,12,32.32888818952424,-65.58502057764727
CLM-2024-00306,POL-1478,2024-01-24,2024-03-05,Property,StopLoss,666.7,391.24,275.46000000000004,Open,1,35.22220556333665,140.61576469465749
CLM-2024-00307,POL-9099,2024-09-08,2024-10-17,Property,QuotaShare,404000.48,10002.04,393998.44,Open,9,39.39057517610316,-72.39703578256997
CLM-2024-00308,POL-5117,2024-10-09,2024-11-11,Aviation,ExcessOfLoss,2289.64,1038.61,1251.03,Open,10,49.185016224502206,2.8325315948202014
CLM-2024-00309,POL-1990,2024-03-03,2024-03-06,Aviation,QuotaShare,4617.56,1023.02,3594.5400000000004,Open,3,50.717035496647036,3.7124326408540096
CLM-2024-00310,POL-7400,2024-02-01,2024-02-20,Marine,ExcessOfLoss,32971.11,23881.27,9089.84,Open,2,31.129763948861484,-64.62402277186463
CLM-2024-00311,POL-9951,2024-04-22,2024-06-24,Aviation,StopLoss,488364.79,448991.87,39372.919999999984,Open,4,40.178619085284474,-74.05744758377054
CLM-2024-00312,POL-9662,2024-06-19,2024-07-18,Property,QuotaShare,1186646.08,898015.33,288630.7500000001,Open,6,32.41557330802208,-65.55505238726823
CLM-2024-00313,POL-8584,2024-02-07,2024-02-25,Life,ExcessOfLoss,39291.87,16465.06,22826.81,Open,2,53.33359124001777,0.9830024174013073
CLM-2024-00314,POL-7616,2024-02-15,2024-05-04,Life,StopLoss,4266.7,528.67,3738.0299999999997,Open,2,35.470644614304426,138.2042453514365
CLM-2024-00315,POL-3979,2024-03-31,2024-06-02,Aviation,QuotaShare,571960.58,107003.32,464957.25999999995,Open,3,36.63060249395081,140.43226919976917
CLM-2024-00316,POL-2831,2024-01-26,2024-04-18,Aviation,QuotaShare,351675.66,144182.55,207493.11,Open,1,30.561139866075738,-66.6245175041092
CLM-2024-00317,POL-9815,2024-08-15,2024-08-28,Marine,ExcessOfLoss,248212.79,211497.84,36714.95000000001,Open,8,49.87263027647075,1.2000954535600903
CLM-2024-00318,POL-4092,2024-01-17,2024-03-08,Life,StopLoss,2815.31,1874.23,941.0799999999999,Open,1,48.47972385259921,0.49833553568024724
CLM-2024-00319,POL-1959,2024-11-24,2024-12-03,Aviation,StopLoss,37220.04,29232.82,7987.220000000001,Open,11,39.2146960348311,-72.67308258372768
CLM-2024-00320,POL-1364,2024-02-17,2024-04-14,Aviation,ExcessOfLoss,16852.72,2469.58,14383.140000000001,Open,2,48.297600489706284,4.0970055889440555
CLM-2024-00321,POL-4729,2024-01-23,2024-04-14,Aviation,QuotaShare,9392.84,5994.08,3398.76,Open,1,31.88949538623578,-62.75779149804428
CLM-2024-00322,POL-4066,2024-05-20,2024-06-17,Marine,ExcessOfLoss,47050.44,23694.11,23356.33,Open,5,35.75524904119948,139.21439759324696
CLM-2024-00323,POL-3390,2024-03-22,2024-06-17,Aviation,StopLoss,190150.47,107936.4,82214.07,Open,3,52.971488406450696,-1.606572436176111
CLM-2024-00324,POL-1571,2024-04-25,2024-06-30,Life,StopLoss,678506.48,658478.98,20027.5,Open,4,48.4256145934573,2.9499646960086183
CLM-2024-00325,POL-8184,2024-05-31,2024-06-23,Property,QuotaShare,592181.38,492194.75,99986.63,Open,5,53.1749243485189,1.7591199705518126
CLM-2024-00326,POL-2557,2024-12-23,2025-01-07,Aviation,ExcessOfLoss,2547387.61,1061050.63,1486336.98,Open,12,48.66264293164124,2.8967761602350346
CLM-2024-00327,POL-2999,2024-02-20,2024-02-29,Life,QuotaShare,1167556.94,1012539.3,155017.6399999999,Open,2,30.50622475072779,-63.04051049520714
CLM-2024-00328,POL-6387,2024-05-12,2024-05-29,Aviation,ExcessOfLoss,2433.48,2125.18,308.3000000000002,Open,5,50.5336385822382,4.258191844424661
CLM-2024-00329,POL-2657,2024-01-15,2024-03-02,Aviation,StopLoss,77647.1,72585.91,5061.190000000002,Open,1,2.7585207236997946,102.51086948470974
CLM-2024-00330,POL-7991,2024-08-16,2024-11-02,Marine,QuotaShare,21758.25,3375.35,18382.9,Open,8,33.736874769092836,-64.38344050405392
CLM-2024-00331,POL-4894,2024-01-30,2024-01-31,Life,StopLoss,9879.52,3340.67,6538.85,Open,1,31.195018165538272,-63.060191165459145
CLM-2024-00332,POL-4694,2024-03-30,2024-04-29,Casualty,ExcessOfLoss,9972.84,7585.72,2387.12,Open,3,30.73512844140852,-63.36926749629022
CLM-2024-00333,POL-6960,2024-12-21,2025-03-21,Life,ExcessOfLoss,173.83,109.48,64.35000000000001,Open,12,33.622965340805585,-64.10639862250935
CLM-2024-00334,POL-7495,2024-07-20,2024-09-04,Aviation,QuotaShare,167118.3,99307.6,67810.69999999998,Open,7,47.192489954005985,2.7055337056484916
CLM-2024-00335,POL-7830,2024-11-28,2025-02-12,Property,ExcessOfLoss,3767.66,2098.88,1668.7799999999997,Open,11,51.2123193659598,-1.5302513740188843
CLM-2024-00336,POL-7283,2024-10-09,2024-12-07,Property,ExcessOfLoss,83465.73,53550.06,29915.67,Open,10,33.84001593524007,139.8268513889424
CLM-2024-00337,POL-7589,2024-01-12,2024-04-07,Aviation,ExcessOfLoss,79209.5,2480.14,76729.36,Open,1,53.49171815330005,0.6458229073145355
CLM-2024-00338,POL-1103,2024-08-14,2024-09-30,Aviation,QuotaShare,31202.72,2957.91,28244.81,Open,8,31.84813551838332,-63.51040989902774
CLM-2024-00339,POL-1874,2024-12-26,2025-02-05,Property,StopLoss,1490.91,345.62,1145.29,Open,12,47.26294760722151,3.2701601961273896
CLM-2024-00340,POL-8973,2024-10-01,2024-10-07,Aviation,QuotaShare,26999.32,2609.02,24390.3,Open,10,36.18794133216774,140.36680603902593
CLM-2024-00341,POL-2367,2024-05-04,2024-07-26,Property,ExcessOfLoss,42577.81,36270.82,6306.989999999998,Open,5,40.82227624802661,-74.64321711939128
CLM-2024-00342,POL-9015,2024-07-23,2024-08-31,Marine,QuotaShare,7564.43,6092.92,1471.5100000000002,Open,7,34.08173232671525,-64.71492300305172
CLM-2024-00343,POL-1203,2024-04-21,2024-05-30,Casualty,StopLoss,286.65,280.29,6.359999999999957,Open,4,32.142750849349255,-63.86464768813965
CLM-2024-00344,POL-3275,2024-02-21,2024-03-13,Marine,StopLoss,159935.3,112775.35,47159.94999999998,Open,2,49.90359539827981,4.329701620892945
CLM-2024-00345,POL-2276,2024-09-21,2024-11-11,Aviation,StopLoss,108060.74,98256.96,9803.779999999999,Open,9,35.274806025964075,140.8025537398212
CLM-2024-00346,POL-9191,2024-04-16,2024-06-18,Aviation,QuotaShare,2942.03,1574.38,1367.65,Open,4,-0.2157443796929055,104.51844002930082
CLM-2024-00347,POL-5139,2024-12-02,2025-01-08,Life,ExcessOfLoss,2461.24,904.43,1556.81,Open,12,36.0286043067719,138.01463186525615
CLM-2024-00348,POL-8657,2024-09-21,2024-12-16,Property,QuotaShare,20798.66,6620.59,14178.07,Open,9,34.77980251941878,139.53071659099245
CLM-2024-00349,POL-1179,2024-04-14,2024-05-14,Property,ExcessOfLoss,13434.36,8678.43,4755.93,Open,4,30.708678894707795,-64.64950046995871
CLM-2024-00350,POL-6520,2024-12-17,2025-02-16,Aviation,ExcessOfLoss,4839.68,1359.44,3480.2400000000002,Open,12,30.911487411681833,-64.40983337957384
CLM-2024-00351,POL-3245,2024-05-21,2024-06-22,Aviation,QuotaShare,230909.76,158795.05,72114.71000000002,Open,5,33.6449313146322,-66.4165805536823
CLM-2024-00352,POL-3990,2024-03-02,2024-03-28,Aviation,ExcessOfLoss,104231.33,99853.1,4378.229999999996,Open,3,34.21219477429892,-66.03601381490198
CLM-2024-00353,POL-6678,2024-11-20,2024-12-07,Property,QuotaShare,38056.59,36827.0,1229.5899999999965,Open,11,31.202915633849074,-66.35918139898402
CLM-2024-00354,POL-6889,2024-05-20,2024-06-02,Casualty,ExcessOfLoss,5513.4,1591.77,3921.6299999999997,Open,5,31.286272024055187,-64.70685694426636
CLM-2024-00355,POL-5055,2024-07-06,2024-08-21,Property,QuotaShare,33668.45,11081.16,22587.289999999997,Open,7,2.9470783180788778,102.93640442108945
CLM-2024-00356,POL-8558,2024-07-14,2024-07-28,Marine,ExcessOfLoss,31557.16,21544.81,10012.349999999999,Open,7,41.626027842069796,-75.50928933444075
CLM-2024-00357,POL-6116,2024-10-25,2025-01-22,Property,ExcessOfLoss,1419230.12,136297.56,1282932.56,Open,10,51.85758425168347,0.5475782943585245
CLM-2024-00358,POL-3491,2024-03-01,2024-04-06,Casualty,ExcessOfLoss,70612.41,26289.43,44322.98,Open,3,34.41847421370492,140.130915985684
CLM-2024-00359,POL-2091,2024-05-12,2024-05-23,Aviation,QuotaShare,10.61,2.96,7.6499999999999995,Open,5,1.7267234890337404,104.03985521710563
CLM-2024-00360,POL-1908,2024-12-21,2025-02-01,Aviation,StopLoss,62360.35,32044.4,30315.949999999997,Open,12,41.03664923338348,-75.53369268584969
CLM-2024-00361,POL-9761,2024-03-01,2024-03-11,Casualty,QuotaShare,3166853.85,2051000.76,1115853.09,Open,3,1.4881034878147212,102.10278446747358
CLM-2024-00362,POL-1341,2024-03-01,2024-03-25,Property,QuotaShare,1112454.73,702380.87,410073.86,Open,3,0.5732351277486987,102.98413839104792
CLM-2024-00363,POL-5712,2024-01-03,2024-01-25,Marine,QuotaShare,7332.12,5887.97,1444.1499999999996,Open,1,39.264803618131054,-75.26843556209487
CLM-2024-00364,POL-1989,2024-04-22,2024-05-11,Casualty,StopLoss,632.59,369.63,262.96000000000004,Open,4,39.25650001137942,-73.01269782873099
CLM-2024-00365,POL-5588,2024-09-22,2024-11-30,Marine,ExcessOfLoss,7359.98,1645.58,5714.4,Open,9,30.935134186896285,-64.9634690083696
CLM-2024-00366,POL-7191,2024-10-28,2024-12-07,Property,StopLoss,866.43,100.68,765.75,Open,10,35.67690528245553,139.28632381071023
CLM-2024-00367,POL-9532,2024-04-24,2024-05-13,Marine,ExcessOfLoss,80890.94,72128.2,8762.740000000005,Open,4,42.07498351637125,-74.80545921081645
CLM-2024-00368,POL-7766,2024-04-19,2024-07-16,Marine,ExcessOfLoss,454.57,397.65,56.920000000000016,Open,4,52.35015671728542,-1.6002633238269255
CLM-2024-00369,POL-3657,2024-05-15,2024-08-08,Casualty,QuotaShare,200725.6,26215.58,174510.02000000002,Open,5,34.75793674208012,138.8414858673
CLM-2024-00370,POL-6028,2024-05-02,2024-06-26,Aviation,StopLoss,667874.44,245991.44,421882.99999999994,Open,5,41.18147369726941,-72.31646993867709
CLM-2024-00371,POL-9428,2024-09-07,2024-09-11,Life,ExcessOfLoss,1017123.02,879576.43,137546.58999999997,Open,9,35.21414279450529,141.21443055142046
CLM-2024-00372,POL-5577,2024-11-16,2025-02-13,Property,ExcessOfLoss,34890.63,1111.35,33779.28,Open,11,49.59638365695724,0.37347049128248866
CLM-2024-00373,POL-3651,2024-09-21,2024-11-03,Property,ExcessOfLoss,586.59,57.47,529.12,Open,9,48.75901368800877,3.7435159559088778
CLM-2024-00374,POL-9528,2024-04-18,2024-04-30,Property,ExcessOfLoss,14008.49,9322.18,4686.3099999999995,Open,4,34.122352101021455,-63.524625671564266
CLM-2024-00375,POL-5831,2024-06-01,2024-08-17,Life,ExcessOfLoss,2022.01,1558.26,463.75,Open,6,51.367597390542926,1.1386340838958164
CLM-2024-00376,POL-4955,2024-04-24,2024-05-08,Aviation,StopLoss,2819.02,709.41,2109.61,Open,4,36.78319575570203,140.1890674667084
CLM-2024-00377,POL-1530,2024-08-03,2024-10-11,Life,ExcessOfLoss,5164.98,3270.59,1894.3899999999994,Open,8,40.92808390642589,-72.35855295998411
CLM-2024-00378,POL-2989,2024-12-16,2025-02-06,Life,StopLoss,38673.41,535.82,38137.590000000004,Open,12,31.022267268687266,-65.70063992136475
CLM-2024-00379,POL-8236,2024-07-31,2024-09-29,Life,StopLoss,17695.3,4558.79,13136.509999999998,Open,7,37.31059098829569,138.77204449401077
CLM-2024-00380,POL-6892,2024-03-01,2024-04-08,Property,QuotaShare,2994.91,1501.11,1493.8,Open,3,50.7244235393642,3.1697312878840544
CLM-2024-00381,POL-8226,2024-07-13,2024-09-08,Aviation,ExcessOfLoss,16341.56,3684.72,12656.84,Open,7,52.66407392123687,1.4885218467041612
CLM-2024-00382,POL-7976,2024-08-14,2024-08-27,Life,QuotaShare,2341.66,2210.28,131.37999999999965,Open,8,2.2040397248865555,104.89121581142011
CLM-2024-00383,POL-2921,2024-07-05,2024-08-03,Marine,StopLoss,34695.34,6860.79,27834.549999999996,Open,7,31.243745113521193,-65.23130735046117
CLM-2024-00384,POL-8804,2024-03-31,2024-06-07,Marine,ExcessOfLoss,86926.64,36916.21,50010.43,Open,3,2.3910823495799405,103.63524778617912
CLM-2024-00385,POL-9450,2024-08-01,2024-08-03,Life,ExcessOfLoss,11877.03,6695.63,5181.400000000001,Open,8,42.635233819038795,-73.01746986817173
CLM-2024-00386,POL-9488,2024-05-18,2024-07-05,Property,QuotaShare,17741.35,10794.94,6946.409999999998,Open,5,32.31581017539279,-63.96443357824569
CLM-2024-00387,POL-9945,2024-12-31,2025-01-13,Casualty,StopLoss,727328.75,22834.09,704494.66,Open,12,49.075277351650854,0.37734462993778095
CLM-2024-00388,POL-3494,2024-08-16,2024-11-11,Life,QuotaShare,18601.74,13872.83,4728.910000000002,Open,8,39.00361335515713,-74.51721527673044
CLM-2024-00389,POL-8322,2024-06-17,2024-08-28,Aviation,StopLoss,263675.45,120869.95,142805.5,Open,6,41.78074118842384,-75.65933024374141
CLM-2024-00390,POL-2626,2024-05-16,2024-08-08,Casualty,ExcessOfLoss,27011.19,4543.83,22467.36,Open,5,37.13121850186907,139.76847598366993
CLM-2024-00391,POL-2795,2024-01-31,2024-03-16,Aviation,StopLoss,170181.48,131795.57,38385.91,Open,1,49.4297489290958,1.2161376697929551
CLM-2024-00392,POL-6911,2024-09-09,2024-10-22,Aviation,ExcessOfLoss,88858.55,9098.73,79759.82,Open,9,1.2990569755913621,102.53854672373744
CLM-2024-00393,POL-7077,2024-01-28,2024-03-20,Life,QuotaShare,26638.13,14290.6,12347.53,Open,1,32.01783220359553,-64.63940426789271
CLM-2024-00394,POL-7848,2024-03-25,2024-05-19,Life,StopLoss,2180.3,1076.67,1103.63,Open,3,30.93659547754185,-65.36896911068105
CLM-2024-00395,POL-1583,2024-04-07,2024-05-17,Casualty,ExcessOfLoss,10859.6,8634.12,2225.4799999999996,Open,4,-0.1454422656122092,104.61490731727292
CLM-2024-00396,POL-8760,2024-10-22,2024-11-03,Property,StopLoss,72064.16,26155.69,45908.47,Open,10,50.72322138485801,2.986662454647228
CLM-2024-00397,POL-2793,2024-10-29,2024-12-30,Property,QuotaShare,3132.43,408.1,2724.33,Open,10,46.85925163284514,2.887835244225858
CLM-2024-00398,POL-7303,2024-12-20,2025-01-11,Life,StopLoss,113870.62,112035.55,1835.0699999999924,Open,12,0.6895112608485277,102.078969086256
CLM-2024-00399,POL-7530,2024-12-22,2025-01-17,Marine,ExcessOfLoss,75669.72,72964.34,2705.3800000000047,Open,12,42.39373100286858,-73.17435649973555
CLM-2024-00400,POL-2804,2024-08-12,2024-09-25,Marine,QuotaShare,20081.72,11121.32,8960.400000000001,Open,8,39.45250370279814,-75.19571232361525
CLM-2024-00401,POL-2105,2024-07-09,2024-09-09,Property,ExcessOfLoss,65184.1,635.85,64548.25,Open,7,52.78885707394994,-1.9829485969195189
CLM-2024-00402,POL-8535,2024-06-16,2024-08-11,Marine,QuotaShare,130756.6,57222.17,73534.43000000001,Open,6,2.61484978498101,101.8899731232754
CLM-2024-00403,POL-1871,2024-11-11,2024-12-11,Casualty,QuotaShare,2251.81,2231.47,20.340000000000146,Open,11,49.21723543443014,4.261033641097006
CLM-2024-00404,POL-9117,2024-11-29,2025-02-27,Aviation,ExcessOfLoss,2822.3,1952.49,869.8100000000002,Open,11,51.65852988302508,-0.8664231774455632
CLM-2024-00405,POL-7621,2024-11-15,2024-12-04,Life,ExcessOfLoss,120385.65,41088.17,79297.48,Open,11,35.80439552674003,138.34396038834342
CLM-2024-00406,POL-4702,2024-12-30,2025-02-01,Life,ExcessOfLoss,2343.86,2271.36,72.5,Open,12,34.337019158431744,138.351805785173
CLM-2024-00407,POL-3934,2024-03-15,2024-04-12,Casualty,QuotaShare,20059.58,12682.78,7376.800000000001,Open,3,51.68544199578025,-0.6758195604307463
CLM-2024-00408,POL-8140,2024-06-21,2024-09-10,Aviation,QuotaShare,20404.45,6799.42,13605.03,Open,6,36.64725062015666,140.97898195745017
CLM-2024-00409,POL-7361,2024-01-24,2024-03-08,Life,QuotaShare,13872.86,6381.4,7491.460000000001,Open,1,51.986592514028715,-0.6002354438971927
CLM-2024-00410,POL-3452,2024-04-28,2024-07-14,Marine,QuotaShare,2096.11,606.52,1489.5900000000001,Open,4,38.76666458930045,-75.26718497339102
CLM-2024-00411,POL-2385,2024-12-24,2025-03-10,Property,QuotaShare,28116.64,18113.29,10003.349999999999,Open,12,41.164786188274114,-73.7587812067875
CLM-2024-00412,POL-5352,2024-08-22,2024-10-19,Property,StopLoss,70950.73,68926.91,2023.8199999999924,Open,8,49.902287794429625,-0.6815543876825306
CLM-2024-00413,POL-2635,2024-09-09,2024-10-27,Aviation,ExcessOfLoss,65218.46,23192.49,42025.97,Open,9,35.89508535222452,140.97519044053925
CLM-2024-00414,POL-1854,2024-01-04,2024-01-07,Property,QuotaShare,4813317.09,161329.64,4651987.45,Open,1,33.87335682462016,-63.986145786026036
CLM-2024-00415,POL-9139,2024-09-14,2024-12-09,Casualty,StopLoss,267274.14,20777.78,246496.36000000002,Open,9,-0.5450669105401911,102.20817929589371
CLM-2024-00416,POL-3122,2024-09-28,2024-10-06,Property,ExcessOfLoss,23533.07,168.99,23364.079999999998,Open,9,52.89780997345702,1.1998063703388635
CLM-2024-00417,POL-5457,2024-03-15,2024-03-21,Casualty,QuotaShare,11549.39,6166.55,5382.839999999999,Open,3,3.2079941900921893,102.78846561229066
CLM-2024-00418,POL-2346,2024-09-08,2024-09-18,Aviation,QuotaShare,4422.55,1793.62,2628.9300000000003,Open,9,36.816234391349624,139.01145911156755
CLM-2024-00419,POL-3828,2024-06-01,2024-07-19,Property,StopLoss,1656.34,37.79,1618.55,Open,6,50.714771951065856,-1.339763741922203
CLM-2024-00420,POL-9640,2024-10-24,2024-12-09,Aviation,QuotaShare,21355.99,16513.7,4842.290000000001,Open,10,37.075826913248775,138.06351255341184
CLM-2024-00421,POL-1338,2024-08-05,2024-09-08,Casualty,StopLoss,27182.98,6298.02,20884.96,Open,8,42.081974404666305,-75.78522628418409
CLM-2024-00422,POL-7190,2024-07-31,2024-08-18,Aviation,ExcessOfLoss,18471.32,3357.78,15113.539999999999,Open,7,48.821109797701574,0.5615342552426212
CLM-2024-00423,POL-8931,2024-10-28,2024-11-19,Casualty,StopLoss,3154.48,2261.31,893.1700000000001,Open,10,36.183421273719425,138.26302146792358
CLM-2024-00424,POL-2771,2024-08-24,2024-10-13,Life,ExcessOfLoss,14989.15,11048.06,3941.09,Open,8,51.07422746701977,-0.8956017514545577
CLM-2024-00425,POL-9113,2024-08-20,2024-11-10,Property,ExcessOfLoss,58518.33,58491.78,26.55000000000291,Open,8,39.03874447284397,-75.49189369300485
CLM-2024-00426,POL-8297,2024-03-17,2024-06-03,Property,StopLoss,2399.57,1308.53,1091.0400000000002,Open,3,0.37029828624123207,102.16677361257574
CLM-2024-00427,POL-4852,2024-02-11,2024-03-10,Aviation,QuotaShare,32159.05,8564.79,23594.26,Open,2,31.752859325025906,-66.31897625182533
CLM-2024-00428,POL-3432,2024-09-25,2024-11-13,Property,ExcessOfLoss,856.24,173.83,682.41,Open,9,47.276536077878525,0.923150885409866
CLM-2024-00429,POL-2934,2024-07-10,2024-08-09,Life,StopLoss,2373969.68,1544726.4,829243.2800000003,Open,7,39.56148183738875,-75.70412980833767
CLM-2024-00430,POL-2220,2024-09-12,2024-11-29,Casualty,QuotaShare,6033.72,5055.36,978.3600000000006,Open,9,50.649839385643034,2.0931514905997375
CLM-2024-00431,POL-1102,2024-02-27,2024-03-16,Marine,QuotaShare,5449.78,24.71,5425.07,Open,2,39.723888367350874,-72.93628726604658
CLM-2024-00432,POL-7758,2024-11-17,2024-12-17,Marine,QuotaShare,9402.54,2064.04,7338.500000000001,Open,11,50.3097500841408,4.021162202823354
CLM-2024-00433,POL-9075,2024-06-03,2024-06-23,Life,ExcessOfLoss,87198.19,66788.31,20409.880000000005,Open,6,37.64661877507097,138.09682266912597
CLM-2024-00434,POL-4592,2024-09-21,2024-12-03,Marine,ExcessOfLoss,19173.19,6442.74,12730.449999999999,Open,9,2.106036505034531,102.86819729582238
CLM-2024-00435,POL-6872,2024-06-25,2024-09-10,Marine,QuotaShare,12199.43,5430.14,6769.29,Open,6,31.20128227914894,-66.44128194035837
CLM-2024-00436,POL-4784,2024-08-15,2024-08-19,Property,ExcessOfLoss,6617.23,518.8,6098.429999999999,Open,8,50.37744398847145,0.8752626941879309
CLM-2024-00437,POL-6354,2024-06-21,2024-07-16,Casualty,ExcessOfLoss,30020.46,25115.86,4904.5999999999985,Open,6,51.34280808056407,-1.1966936343920358
CLM-2024-00438,POL-3456,2024-06-03,2024-07-14,Aviation,StopLoss,4377.72,1364.36,3013.3600000000006,Open,6,51.249669857719596,1.153141315270651
CLM-2024-00439,POL-7670,2024-02-27,2024-03-22,Aviation,ExcessOfLoss,75279.17,15858.46,59420.71,Open,2,40.97931904285274,-74.4752201506236
CLM-2024-00440,POL-2506,2024-08-04,2024-10-10,Life,StopLoss,6549.18,6085.85,463.3299999999999,Open,8,0.26123809877746673,104.94390286489028
CLM-2024-00441,POL-8692,2024-04-20,2024-04-26,Aviation,StopLoss,5512.64,5224.47,288.1700000000001,Open,4,50.517230674722825,1.4124087126842688
CLM-2024-00442,POL-4123,2024-04-05,2024-04-18,Casualty,QuotaShare,158490.97,148202.49,10288.48000000001,Open,4,48.78781534036665,0.6072639793972225
CLM-2024-00443,POL-2198,2024-12-30,2025-03-10,Casualty,QuotaShare,2083.57,280.86,1802.71,Open,12,2.725554386109062,104.65216765461894
CLM-2024-00444,POL-3687,2024-04-08,2024-05-31,Life,QuotaShare,7612.47,158.94,7453.530000000001,Open,4,51.786284624915794,-0.933691422631611
CLM-2024-00445,POL-3171,2024-10-25,2024-11-20,Life,ExcessOfLoss,4271.51,3962.65,308.8600000000001,Open,10,52.818661172794606,-1.7599974653708388
CLM-2024-00446,POL-7873,2024-01-17,2024-04-08,Marine,QuotaShare,22165.69,11861.35,10304.339999999998,Open,1,33.40846809817619,-66.66927010918388
CLM-2024-00447,POL-2335,2024-09-03,2024-11-03,Life,QuotaShare,3833.82,1378.94,2454.88,Open,9,41.57947860804358,-75.62468127789647
CLM-2024-00448,POL-9821,2024-07-21,2024-09-12,Property,QuotaShare,689895.46,587590.4,102305.05999999994,Open,7,2.8579505241298673,102.17595791927772
CLM-2024-00449,POL-2601,2024-01-24,2024-01-27,Property,StopLoss,4728.77,2469.21,2259.5600000000004,Open,1,33.75585892218497,-66.18530285349385
CLM-2024-00450,POL-7827,2024-12-28,2025-01-02,Casualty,StopLoss,170946.98,95950.33,74996.65000000001,Open,12,50.43941321844932,-1.6397368214289905
CLM-2024-00451,POL-3476,2024-12-08,2024-12-17,Life,ExcessOfLoss,47910.43,21288.65,26621.78,Open,12,49.89987533926864,-0.6633691284673738
CLM-2024-00452,POL-2035,2024-01-09,2024-02-04,Casualty,StopLoss,2400.08,2292.76,107.31999999999971,Open,1,38.95701135857345,-72.85189734543528
CLM-2024-00453,POL-7382,2024-12-13,2024-12-31,Casualty,QuotaShare,3854.54,778.7,3075.84,Open,12,-0.3835696728480973,103.67954769327145
CLM-2024-00454,POL-8281,2024-05-11,2024-06-02,Casualty,QuotaShare,6028.32,4720.54,1307.7799999999997,Open,5,30.982958093950266,-64.8245298624928
CLM-2024-00455,POL-2563,2024-08-10,2024-08-11,Casualty,QuotaShare,110216.99,69106.4,41110.59000000001,Open,8,1.2713789575584977,105.36525060718392
CLM-2024-00456,POL-1416,2024-01-27,2024-02-17,Casualty,StopLoss,1951.63,1370.35,581.2800000000002,Open,1,37.567151423714684,138.76354041627974
CLM-2024-00457,POL-9635,2024-02-05,2024-04-09,Aviation,StopLoss,5050.12,4392.13,657.9899999999998,Open,2,3.2397171259706536,105.74829122311742
CLM-2024-00458,POL-4875,2024-05-03,2024-05-04,Marine,QuotaShare,135727.71,95483.61,40244.09999999999,Open,5,37.21624455783684,140.11908509686523
CLM-2024-00459,POL-5260,2024-07-09,2024-09-22,Life,ExcessOfLoss,2515.33,1492.57,1022.76,Open,7,3.1278361323532127,104.27693133388627
CLM-2024-00460,POL-9063,2024-05-25,2024-06-14,Casualty,ExcessOfLoss,2661.76,2064.39,597.3700000000003,Open,5,52.182883052503314,1.4397392171247063
CLM-2024-00461,POL-2312,2024-02-02,2024-04-09,Marine,QuotaShare,142927.41,44521.71,98405.70000000001,Open,2,50.768932797809725,1.7486917721114406
CLM-2024-00462,POL-4806,2024-06-28,2024-09-23,Marine,StopLoss,3383.02,402.92,2980.1,Open,6,36.68881049290068,138.47361249015816
CLM-2024-00463,POL-5827,2024-10-05,2024-10-31,Marine,QuotaShare,183379.13,47217.08,136162.05,Open,10,48.87992099395265,2.188677583277206
CLM-2024-00464,POL-4483,2024-09-13,2024-11-28,Casualty,ExcessOfLoss,104570.91,89205.97,15364.940000000002,Open,9,34.77977529725588,141.07750094767053
CLM-2024-00465,POL-1831,2024-06-01,2024-08-06,Aviation,StopLoss,9534.1,7001.31,2532.79,Open,6,50.711252297864284,0.30744523176295513
CLM-2024-00466,POL-6399,2024-02-09,2024-05-09,Casualty,QuotaShare,9746.12,8535.92,1210.2000000000007,Open,2,36.251011678678175,140.19569135112062
CLM-2024-00467,POL-4411,2024-11-22,2025-02-12,Life,StopLoss,16064.38,8602.07,7462.3099999999995,Open,11,33.101324764364215,-66.2205759787817
CLM-2024-00468,POL-9216,2024-11-20,2025-02-12,Property,StopLoss,4872.56,2947.68,1924.8800000000006,Open,11,32.78220680203349,-65.07814047103254
CLM-2024-00469,POL-1694,2024-01-23,2024-03-09,Property,QuotaShare,20695.43,17722.84,2972.59,Open,1,1.9800059862654265,102.67828422259561
CLM-2024-00470,POL-2937,2024-03-08,2024-03-28,Marine,QuotaShare,5861.76,4085.62,1776.1400000000003,Open,3,37.35609282499733,138.24602761450694
CLM-2024-00471,POL-2660,2024-05-13,2024-07-13,Casualty,QuotaShare,9309.52,4053.13,5256.39,Open,5,41.96441545934526,-72.39989876014775
CLM-2024-00472,POL-5382,2024-04-13,2024-04-28,Property,StopLoss,139766.28,135622.2,4144.079999999987,Open,4,50.214330209181,0.8058261708359168
CLM-2024-00473,POL-6578,2024-05-23,2024-07-04,Property,ExcessOfLoss,6356.89,6258.27,98.61999999999989,Open,5,50.059710376944686,-1.2429297407204125
CLM-2024-00474,POL-4845,2024-02-04,2024-02-08,Casualty,ExcessOfLoss,11067.44,6697.01,4370.43,Open,2,36.986891719833885,139.41996399766538
CLM-2024-00475,POL-9464,2024-11-02,2024-11-07,Property,QuotaShare,36039.17,24545.22,11493.949999999997,Open,11,33.902843004194814,-63.812132160625644
CLM-2024-00476,POL-3758,2024-04-06,2024-06-13,Aviation,ExcessOfLoss,4486.63,971.79,3514.84,Open,4,38.76254772760514,-75.20595739131615
CLM-2024-00477,POL-6473,2024-02-13,2024-03-22,Property,QuotaShare,30085.22,17571.62,12513.600000000002,Open,2,-0.43200778917886007,104.92053462529486
CLM-2024-00478,POL-8929,2024-09-16,2024-10-31,Property,ExcessOfLoss,92958.42,91395.75,1562.6699999999983,Open,9,37.595431877345206,140.43081322154566
CLM-2024-00479,POL-7616,2024-09-10,2024-11-10,Aviation,StopLoss,6049.32,804.49,5244.83,Open,9,-0.21359980027506253,101.94257844816761
CLM-2024-00480,POL-7038,2024-06-24,2024-09-11,Casualty,ExcessOfLoss,56280.65,5101.72,51178.93,Open,6,50.43759820014678,-0.813198188486762
CLM-2024-00481,POL-4063,2024-03-01,2024-05-16,Casualty,QuotaShare,6037.19,3686.83,2350.3599999999997,Open,3,49.142945827576085,1.6404545480068426
CLM-2024-00482,POL-9797,2024-05-22,2024-08-10,Casualty,QuotaShare,46047.13,32676.7,13370.429999999997,Open,5,1.2996322410052952,104.1600071820106
CLM-2024-00483,POL-4135,2024-08-07,2024-10-08,Casualty,QuotaShare,5504.0,376.18,5127.82,Open,8,-0.2719166957754111,103.4210395974932
CLM-2024-00484,POL-4922,2024-10-05,2024-11-06,Marine,StopLoss,33081.54,14049.74,19031.800000000003,Open,10,33.79256037673328,-65.2024929779101
CLM-2024-00485,POL-2544,2024-05-06,2024-08-04,Life,ExcessOfLoss,1370104.18,514125.54,855978.6399999999,Open,5,48.73723956953368,0.5316767103086613
CLM-2024-00486,POL-8774,2024-01-18,2024-03-25,Property,ExcessOfLoss,33850.21,8980.38,24869.83,Open,1,48.73908961977584,2.8785502801151486
CLM-2024-00487,POL-5849,2024-12-07,2024-12-22,Casualty,QuotaShare,18739.31,16477.08,2262.2299999999996,Open,12,30.98745305789184,-62.879273626948155
CLM-2024-00488,POL-1217,2024-09-28,2024-11-16,Property,ExcessOfLoss,147248.27,117139.01,30109.259999999995,Open,9,51.92567602370717,0.785714424146931
CLM-2024-00489,POL-9827,2024-06-23,2024-06-27,Casualty,QuotaShare,347.72,69.91,277.81000000000006,Open,6,32.780733536865114,-66.1180916610371
CLM-2024-00490,POL-1861,2024-01-25,2024-02-12,Property,StopLoss,62425.22,54496.53,7928.690000000002,Open,1,35.47247512470667,141.1384645322045
CLM-2024-00491,POL-1888,2024-11-25,2025-02-02,Life,StopLoss,577.1,534.01,43.09000000000003,Open,11,48.15351075289037,1.530579653778687
CLM-2024-00492,POL-1782,2024-03-09,2024-04-07,Marine,ExcessOfLoss,37999.36,5993.82,32005.54,Open,3,1.2159908001310051,102.40867659188797
CLM-2024-00493,POL-8571,2024-10-21,2024-12-10,Property,StopLoss,1021411.8,739230.93,282180.87,Open,10,42.373813136634894,-75.16717744429329
CLM-2024-00494,POL-4665,2024-10-19,2024-11-25,Marine,StopLoss,63946.33,13655.48,50290.850000000006,Open,10,47.39214853311112,3.6931021753957722
CLM-2024-00495,POL-9409,2024-07-01,2024-08-16,Marine,StopLoss,22955.71,4468.1,18487.61,Open,7,3.271532266267356,104.14952216764085
CLM-2024-00496,POL-9027,2024-08-22,2024-11-19,Casualty,ExcessOfLoss,120019.3,32394.64,87624.66,Open,8,0.983006323602162,102.30823643762545
CLM-2024-00497,POL-8774,2024-09-19,2024-12-11,Marine,QuotaShare,20711.89,17365.49,3346.399999999998,Open,9,48.17634689166238,2.55407467945236
CLM-2024-00498,POL-7915,2024-09-09,2024-11-06,Marine,QuotaShare,13540.08,11841.29,1698.789999999999,Open,9,52.66198667840035,-0.6158903581827405
CLM-2024-00499,POL-6826,2024-07-01,2024-09-20,Aviation,StopLoss,2438.65,1037.67,1400.98,Open,7,33.56434459043929,-63.04523071486068
